0,31.5,63,125,250,500,1000,2000,4000,8000,16000
0,0,0,0,0,0,0,0,0,0,0
0.002,0,0,0,0,0,0,0,0,0,0
0.004,0.5,0.5,0.5,0.5,0.5,0.5,0.5,0.5,0.5,0.5
0.006,0,0,0,0,0,0,0,0,0,0
0.008,0.0957058,0.0956411,0.0955815,0.0954312,0.0957218,0.095467,0.0955733,0.0957964,0.0954505,0.095711
0.01,0.00690743,0.00693736,0.00690054,0.00691047,0.00688409,0.00693311,0.00689508,0.00692022,0.00698919,0.00695058
0.012,0.00278189,0.0027786,0.00278931,0.0027875,0.00278776,0.00277575,0.00280725,0.00274677,0.00277584,0.00278633
0.014,0.00129292,0.00132125,0.00128656,0.00130801,0.00130724,0.00129794,0.00130948,0.00129218,0.00131116,0.00129606
0.016,0.000674557,0.000678064,0.000678067,0.000682593,0.000680389,0.000686123,0.000677047,0.000684873,0.000681361,0.000681998
0.018,0.00038448,0.000383065,0.000383261,0.000382592,0.000384482,0.000385023,0.000389673,0.000379075,0.000383098,0.000377885
0.02,0.000229363,0.000228202,0.000228149,0.000223839,0.000230885,0.000229814,0.000225145,0.000228761,0.00022992,0.000231465
0.022,0.000141118,0.000146454,0.000145401,0.000143452,0.000143742,0.000142096,0.000143697,0.000144205,0.00014335,0.000147062
0.024,9.51696e-05,9.7912e-05,9.54306e-05,9.41952e-05,9.52766e-05,9.28648e-05,9.251e-05,9.52228e-05,9.33607e-05,9.46091e-05
0.026,6.41065e-05,6.26313e-05,6.34281e-05,6.36075e-05,6.38436e-05,6.35755e-05,6.3394e-05,6.28079e-05,6.45064e-05,6.48073e-05
0.028,4.33987e-05,4.505e-05,4.57835e-05,4.34771e-05,4.38161e-05,4.39898e-05,4.54333e-05,4.46096e-05,4.46789e-05,4.50069e-05
0.03,3.22754e-05,3.2236e-05,3.22277e-05,3.22612e-05,3.1402e-05,3.19838e-05,3.16024e-05,3.15361e-05,3.34532e-05,3.25901e-05
0.032,2.3473e-05,2.29002e-05,2.3405e-05,2.2505e-05,2.36373e-05,2.36058e-05,2.36683e-05,2.33551e-05,2.38174e-05,2.31361e-05
0.034,1.68418e-05,1.73856e-05,0.0108336,0.00747486,0.00419002,0.00355875,0.00301758,0.00281223,1.77504e-05,1.70696e-05
0.036,1.09684e-05,1.15607e-05,0.0106887,0.00984032,0.00875111,0.00844155,0.00842285,0.008478,1.12677e-05,1.14684e-05
0.038,7.56713e-06,7.76001e-06,0.0013073,0.00311271,0.0053555,0.00594379,0.00616093,0.00612673,7.68323e-06,7.61843e-06
0.04,5.42688e-06,5.38234e-06,0.00102404,0.0023914,0.00412674,0.0046293,0.00475022,0.00489638,5.2691e-06,5.34602e-06
0.042,3.78013e-06,3.90889e-06,0.00079189,0.00201877,0.00335414,0.00367386,0.00374383,0.00372532,3.85835e-06,4.02728e-06
0.044,2.90542e-06,2.79368e-06,0.000620977,0.00151528,0.00252403,0.00289933,0.00282908,0.00307504,3.01292e-06,2.79567e-06
0.046,2.13442e-06,2.14042e-06,0.000445632,0.00113181,0.00205605,0.00216263,0.00226688,0.00238234,2.10789e-06,2.11115e-06
0.048,1.71194e-06,1.631e-06,0.00040466,0.000904877,0.00148383,0.00178269,0.00174468,0.00183502,1.74864e-06,1.62115e-06
0.05,1.28992e-06,1.36414e-06,0.000292627,0.000698538,0.00129224,0.00127079,0.00130659,0.00137943,1.20297e-06,1.30202e-06
0.052,9.78995e-07,9.94368e-07,0.000208315,0.000533381,0.000932257,0.00105488,0.00113697,0.00104206,1.06005e-06,9.13887e-07
0.054,7.80139e-07,8.05667e-07,0.000185978,0.000426169,0.00065273,0.000762465,0.000846484,0.00086914,7.43134e-07,8.33003e-07
0.056,6.83533e-07,6.75119e-07,0.000142886,0.000314207,0.000538216,0.000623919,0.000607715,0.000657276,6.83745e-07,6.5928e-07
0.058,5.5527e-07,5.04432e-07,7.57014e-05,0.000304123,0.000433925,0.000432904,0.000427007,0.000504034,5.3214e-07,4.67597e-07
0.06,4.1268e-07,4.43004e-07,6.04489e-05,0.000169285,0.000306731,0.000364105,0.000352172,0.00034822,4.51138e-07,4.13106e-07
0.062,3.43631e-07,3.42602e-07,5.42312e-05,0.000150414,0.000257539,0.000299771,0.000260641,0.000288155,3.24979e-07,3.51497e-07
0.064,2.9385e-07,2.84762e-07,3.94805e-05,0.000115527,0.000235006,0.000242533,0.000252733,0.000252647,3.01224e-07,2.92409e-07
0.066,2.45421e-07,2.51719e-07,3.95343e-05,9.60412e-05,0.000179739,0.000194474,0.000217126,0.000211296,2.45617e-07,2.29078e-07
0.068,1.91152e-07,1.92442e-07,0.00201112,0.000989401,0.000276775,0.000245251,0.000185265,0.000175761,2.09178e-07,1.78228e-07
0.07,1.65077e-07,1.69614e-07,0.00217856,0.00156124,0.000827271,0.000592945,0.000536511,0.000469431,1.75624e-07,1.73161e-07
0.072,1.19563e-07,1.40069e-07,0.000445732,0.000931792,0.000899318,0.000789133,0.000760101,0.000714052,1.48919e-07,1.31584e-07
0.074,1.29147e-07,1.17428e-07,0.000370017,0.000736628,0.000877973,0.000947008,0.000895444,0.000973975,1.14221e-07,1.20363e-07
0.076,8.43897e-08,9.76595e-08,0.000266134,0.000647823,0.000864229,0.000921614,0.00104526,0.00101097,1.0578e-07,9.6918e-08
0.078,7.69162e-08,8.46135e-08,0.000224245,0.000609272,0.00085672,0.000878975,0.000954953,0.000968836,8.50873e-08,9.6832e-08
0.08,7.46101e-08,8.05927e-08,0.000181327,0.000438613,0.000774259,0.000817136,0.000870597,0.000850216,8.28507e-08,7.85093e-08
0.082,6.36968e-08,6.38212e-08,0.000154418,0.000383751,0.000669972,0.000765689,0.000779423,0.000758771,5.99578e-08,6.21995e-08
0.084,5.00476e-08,5.86514e-08,0.000128545,0.000343059,0.000625264,0.000637314,0.000700675,0.00069714,5.21639e-08,5.37569e-08
0.086,4.59309e-08,4.13225e-08,0.000113389,0.000266864,0.000499969,0.000550032,0.000622455,0.000568209,4.67577e-08,4.15631e-08
0.088,4.29975e-08,4.24249e-08,5.77292e-05,0.00022119,0.000370861,0.000473156,0.000502024,0.000516509,4.20105e-08,4.49372e-08
0.09,3.77306e-08,3.47287e-08,6.8509e-05,0.000194258,0.000341158,0.000356222,0.000393986,0.000458834,3.4231e-08,4.10172e-08
0.092,3.6333e-08,3.38481e-08,4.59113e-05,0.000182744,0.000307701,0.000339999,0.000385189,0.000331302,4.02806e-08,3.21157e-08
0.094,2.88593e-08,2.43214e-08,5.37559e-05,0.000140975,0.000291129,0.000314044,0.000345607,0.000321027,2.58068e-08,2.40235e-08
0.096,2.07575e-08,2.82393e-08,3.42729e-05,0.000154967,0.000231478,0.000272589,0.000279958,0.000278067,2.39129e-08,2.91531e-08
0.098,2.24603e-08,2.2e-08,4.60628e-05,9.93212e-05,0.00021658,0.000219187,0.000241589,0.000242105,2.06125e-08,2.51393e-08
0.1,1.36848e-08,1.85281e-08,3.2943e-05,8.54755e-05,0.000172692,0.000171306,0.000194451,0.000200682,1.98889e-08,2.12864e-08
0.102,1.47315e-08,1.55224e-08,2.09325e-05,5.65595e-05,0.000148015,0.000172025,0.000184189,0.000175065,1.78767e-08,1.73613e-08
0.104,1.5121e-08,1.54539e-08,0.00144246,0.000669172,0.000170353,0.000175126,0.000158434,0.000152396,1.10405e-08,1.62739e-08
0.106,1.44166e-08,1.45173e-08,0.000213362,0.000294686,0.00017691,0.000193722,0.000189466,0.000162865,1.06396e-08,1.29075e-08
0.108,1.40632e-08,1.439e-08,0.000176687,0.000319269,0.000233222,0.000199961,0.000192679,0.000182708,1.2294e-08,1.37312e-08
0.11,8.52165e-09,1.4741e-08,0.000138068,0.000243638,0.000247176,0.000221452,0.000201324,0.000190863,1.00814e-08,1.05655e-08
0.112,1.02251e-08,1.108e-08,9.40912e-05,0.000220661,0.000251688,0.000256034,0.000207734,0.000249363,9.20312e-09,1.3033e-08
0.114,1.04449e-08,9.64835e-09,7.35088e-05,0.000213359,0.000246545,0.000253654,0.000216588,0.000222357,7.42907e-09,7.04933e-09
0.116,8.33989e-09,6.95479e-09,7.50629e-05,0.000177719,0.000225475,0.000248072,0.000241385,0.000244258,6.72655e-09,9.20608e-09
0.118,7.53196e-09,9.47674e-09,6.21709e-05,0.000170949,0.000207686,0.000234496,0.000256694,0.00026226,8.3802e-09,5.8945e-09
0.12,6.15511e-09,4.80438e-09,7.76613e-05,0.000136621,0.000216008,0.000223279,0.000216698,0.000214088,6.22015e-09,3.91953e-09
0.122,3.08613e-09,2.43818e-09,3.69893e-05,0.000102991,0.000207993,0.000199725,0.000190729,0.000214947,1.73359e-09,4.77486e-09
0.124,2.54369e-09,3.36797e-09,3.72702e-05,0.000108071,0.000164876,0.000184728,0.000237908,0.000188319,2.53096e-09,3.04288e-09
0.126,2.56942e-09,2.56446e-09,3.61845e-05,9.46854e-05,0.000180893,0.000181165,0.000178256,0.000187299,2.25054e-09,1.77044e-09
0.128,2.30316e-09,1.38216e-09,3.24358e-05,8.00333e-05,0.000126098,0.000142473,0.000159601,0.00018047,2.31047e-09,2.925e-09
0.13,1.30698e-09,2.49156e-09,2.21761e-05,8.13515e-05,0.000138273,0.000174399,0.000170891,0.000139842,1.01745e-09,1.4691e-09
0.132,2.52728e-09,1.68172e-09,2.96048e-05,6.75077e-05,9.20241e-05,0.000108695,0.000113491,0.000109067,3.07389e-09,2.23528e-09
0.134,2.27003e-09,1.47329e-09,1.86557e-05,4.72152e-05,9.31352e-05,0.000112373,0.000111519,0.000131281,2.55538e-09,1.47245e-09
0.136,1.78933e-09,1.66028e-09,1.86985e-05,4.67666e-05,9.08205e-05,9.77781e-05,0.000105297,0.000104886,1.41053e-09,8.96553e-10
0.138,7.28627e-10,1.58966e-09,0.000581513,0.00013714,8.5571e-05,7.79385e-05,0.000108745,0.000120633,1.83777e-09,1.23043e-09
0.14,1.63205e-09,9.33035e-10,0.000111823,9.0648e-05,7.04588e-05,9.32529e-05,0.000109973,8.65591e-05,1.16826e-09,8.18513e-10
0.142,1.34031e-09,1.57769e-09,0.000123838,0.000152919,8.25054e-05,8.62721e-05,0.000100796,9.31682e-05,1.23122e-09,1.56148e-09
0.144,1.07691e-09,1.39305e-09,7.29052e-05,9.91411e-05,7.49241e-05,8.29803e-05,8.84664e-05,8.77177e-05,1.82125e-09,2.03186e-09
0.146,7.22541e-10,6.17038e-10,4.79841e-05,9.36175e-05,6.1283e-05,6.86195e-05,8.03417e-05,8.19895e-05,6.17555e-10,9.28933e-10
0.148,6.8834e-10,7.91834e-10,5.01772e-05,6.71717e-05,0.000100086,8.52847e-05,8.08913e-05,7.26506e-05,5.91613e-10,1.47622e-09
0.15,5.66225e-10,8.56485e-10,1.77682e-05,6.26924e-05,6.74839e-05,8.70506e-05,9.02735e-05,8.8057e-05,6.67412e-10,1.13657e-09
0.152,7.30421e-10,1.00277e-09,3.73919e-05,6.26304e-05,8.35918e-05,8.71445e-05,7.12989e-05,8.46614e-05,5.42629e-10,6.39244e-10
0.154,4.39887e-10,7.85594e-10,4.13997e-05,6.33403e-05,7.51136e-05,8.62672e-05,7.1485e-05,7.66476e-05,7.00275e-10,8.8361e-10
0.156,7.57677e-10,6.75633e-10,1.66859e-05,5.43171e-05,7.17729e-05,7.68256e-05,7.71549e-05,6.898e-05,8.43515e-10,1.00873e-09
0.158,9.73402e-10,7.30269e-10,2.01222e-05,5.37517e-05,6.54877e-05,7.46804e-05,7.81166e-05,7.84477e-05,4.90201e-10,8.95382e-10
0.16,6.21713e-10,3.10924e-10,1.20705e-05,4.66449e-05,6.65246e-05,7.84621e-05,6.81958e-05,7.45908e-05,3.93624e-10,3.88931e-10
0.162,6.01108e-10,4.50008e-10,2.37427e-05,5.06769e-05,5.90924e-05,6.73181e-05,6.84489e-05,6.18142e-05,9.78694e-10,4.51549e-10
0.164,5.04894e-10,2.18768e-10,1.10835e-05,3.02326e-05,6.80154e-05,6.29311e-05,5.5775e-05,6.14855e-05,6.48282e-10,7.27342e-10
0.166,3.47898e-10,7.6642e-10,8.58912e-06,4.05395e-05,5.51206e-05,6.31393e-05,6.2852e-05,5.37908e-05,5.58204e-10,6.28022e-10
0.168,5.36872e-10,1.34905e-10,1.29487e-05,3.1661e-05,6.65698e-05,5.97057e-05,4.8047e-05,5.79397e-05,3.35385e-10,4.74672e-10
0.17,3.88974e-10,5.21223e-10,1.45256e-05,2.6283e-05,4.4668e-05,6.10477e-05,6.64475e-05,5.70364e-05,7.14622e-10,1.96368e-10
0.172,3.78526e-10,1.88089e-10,9.60549e-06,2.2384e-05,4.24425e-05,4.67492e-05,5.41815e-05,7.26478e-05,5.03221e-10,7.53947e-10
0.174,4.87262e-10,3.02707e-10,0.000285389,6.71832e-05,3.7784e-05,4.75803e-05,5.03347e-05,4.21084e-05,4.89223e-10,3.04848e-10
0.176,2.32613e-10,2.33697e-10,5.01412e-05,3.55387e-05,3.58337e-05,3.93604e-05,3.77612e-05,4.52056e-05,2.91746e-10,1.7666e-10
0.178,6.24256e-10,2.25233e-10,3.82637e-05,4.84862e-05,2.42383e-05,5.40732e-05,5.26564e-05,4.3257e-05,5.08777e-10,3.96115e-10
0.18,2.72889e-10,4.93171e-10,3.66037e-05,5.66411e-05,3.41895e-05,4.20916e-05,4.46239e-05,4.2638e-05,2.19727e-10,2.71008e-10
0.182,2.11409e-10,3.14923e-10,3.73444e-05,4.08609e-05,4.23648e-05,3.40044e-05,4.66687e-05,2.67804e-05,5.24159e-11,3.1673e-10
0.184,3.0744e-10,3.06273e-10,2.98307e-05,2.00565e-05,3.45788e-05,3.37109e-05,3.18709e-05,2.74995e-05,2.53794e-10,2.04498e-10
0.186,2.47194e-10,2.46805e-10,2.23251e-05,2.63026e-05,2.68439e-05,2.60923e-05,2.18659e-05,2.02721e-05,3.47419e-10,1.48619e-10
0.188,2.39168e-10,1.44401e-10,2.31006e-05,2.77933e-05,3.8995e-05,2.56606e-05,3.55866e-05,3.51555e-05,9.56162e-11,2.86251e-10
0.19,3.7391e-10,1.85897e-10,1.00985e-05,3.29613e-05,4.41813e-05,2.68661e-05,3.22983e-05,2.10805e-05,2.78664e-10,2.79321e-10
0.192,3.16001e-10,1.36108e-10,2.37588e-05,2.35031e-05,2.94626e-05,2.22047e-05,2.80629e-05,2.78304e-05,2.24966e-10,3.14693e-10
0.194,2.1824e-10,1.30907e-10,1.66577e-05,2.74565e-05,3.87586e-05,3.50233e-05,4.16905e-05,3.13529e-05,2.17314e-10,8.64983e-11
0.196,1.69349e-10,2.96484e-10,4.69248e-06,2.19252e-05,3.62341e-05,2.68307e-05,2.57708e-05,2.84061e-05,1.69433e-10,2.1259e-10
0.198,2.44921e-10,8.14717e-11,2.06413e-05,2.42118e-05,3.25861e-05,1.96971e-05,2.59625e-05,2.3299e-05,2.45697e-10,2.05856e-10
0.2,1.98639e-10,2.40218e-10,6.32496e-06,1.5994e-05,3.70413e-05,2.41983e-05,3.10835e-05,3.03908e-05,3.92396e-11,2.37785e-10
0.202,1.54724e-10,1.16183e-10,6.38703e-06,1.07547e-05,1.88203e-05,2.00021e-05,1.6658e-05,2.5647e-05,2.31803e-10,1.53066e-10
0.204,2.25737e-10,7.55813e-11,8.09379e-06,9.97351e-06,1.6475e-05,3.38703e-05,2.31003e-05,2.32412e-05,7.47077e-11,2.25351e-10
0.206,1.80842e-10,3.6524e-11,3.54395e-06,7.45222e-06,1.99036e-05,1.71584e-05,2.43865e-05,2.52165e-05,3.65343e-11,1.44683e-10
0.208,3.4959e-11,2.10814e-10,0.000164026,2.82224e-05,1.9885e-05,1.41513e-05,1.49678e-05,1.84749e-05,1.40362e-10,6.96759e-11
0.21,1.3661e-10,1.02889e-10,2.94824e-05,2.15848e-05,1.47959e-05,1.34533e-05,1.68066e-05,2.33206e-05,1.03802e-10,6.84495e-11
0.212,1.33446e-10,6.65208e-11,3.47439e-05,1.81466e-05,2.25216e-05,1.98197e-05,1.53492e-05,2.00852e-05,1.33561e-10,1.67273e-10
0.214,1.62157e-10,2.59663e-10,8.97488e-06,2.62811e-05,2.13439e-05,9.78317e-06,1.06178e-05,3.35056e-05,2.27682e-10,3.20838e-11
0.216,3.15e-11,1.5747e-10,1.42132e-05,1.73443e-05,3.92174e-05,2.27994e-05,1.37632e-05,1.70817e-05,1.89357e-10,1.57738e-10
0.218,6.08079e-11,9.20961e-11,1.14875e-05,1.70402e-05,1.9241e-05,8.80369e-06,1.0982e-05,1.8751e-05,1.52832e-10,6.1347e-11
0.22,2.9994e-11,3.00625e-11,1.11757e-05,2.05148e-05,9.81672e-06,1.49161e-05,1.10522e-05,1.50972e-05,1.49092e-10,8.92892e-11
0.222,1.16092e-10,8.71752e-11,8.59198e-06,2.03048e-05,1.58608e-05,1.1956e-05,7.87995e-06,1.9092e-05,1.45153e-10,2.90258e-11
0.224,8.4565e-11,2.80982e-11,6.69091e-06,2.1533e-05,2.00747e-05,9.57206e-06,1.22071e-05,1.47602e-05,5.61569e-11,8.52277e-11
0.226,0,5.52608e-11,6.13094e-06,2.02227e-05,2.11189e-05,1.3999e-05,1.19598e-05,9.70137e-06,1.37561e-10,5.52135e-11
0.228,2.66618e-11,5.33097e-11,1.00622e-05,1.08772e-05,1.35533e-05,7.67452e-06,1.16948e-05,1.18438e-05,0,1.07113e-10
0.23,0,1.30848e-10,1.23185e-05,1.21399e-05,1.68449e-05,1.14542e-05,1.17212e-05,1.53928e-05,0,5.21058e-11
0.232,1.00929e-10,5.02205e-11,1.16427e-05,1.47298e-05,1.04698e-05,6.71366e-06,9.16603e-06,8.78735e-06,5.07035e-11,2.52146e-11
0.234,4.95382e-11,9.89199e-11,3.18751e-06,1.64889e-05,1.04256e-05,1.74206e-05,6.83755e-06,6.66387e-06,2.47862e-11,7.4601e-11
0.236,2.38554e-11,0,1.07193e-06,9.59107e-06,1.84226e-05,9.63755e-06,5.96353e-06,1.54255e-05,4.81241e-11,0
0.238,2.33372e-11,4.73544e-11,7.15984e-06,7.64546e-06,1.63802e-05,1.24135e-05,1.25895e-05,1.26525e-05,4.7283e-11,7.04886e-11
0.24,4.55048e-11,9.16276e-11,5.11704e-06,7.18159e-06,9.77092e-06,1.04793e-05,9.89779e-06,1.8259e-05,6.81018e-11,6.80326e-11
0.242,4.43784e-11,6.7092e-11,7.77437e-05,9.32696e-06,8.8205e-06,9.29546e-06,8.1252e-06,7.99932e-06,4.48834e-11,6.66362e-11
0.244,8.7329e-11,4.38217e-11,2.01267e-05,9.68288e-06,4.73784e-06,1.14811e-05,7.4427e-06,7.35829e-06,1.31187e-10,6.55228e-11
0.246,4.25887e-11,4.25287e-11,1.33119e-05,1.18093e-05,8.47832e-06,6.72147e-06,9.02262e-06,5.08748e-06,6.36752e-11,4.24437e-11
0.248,4.10796e-11,2.06242e-11,9.81874e-06,1.08422e-05,1.05409e-05,8.84537e-06,4.97366e-06,1.45236e-05,0,8.31464e-11
0.25,4.05151e-11,2.0006e-11,8.18441e-06,5.00051e-06,3.90716e-06,8.93923e-06,8.79273e-06,6.48452e-06,4.06114e-11,0
0.252,0,1.97446e-11,1.44761e-05,4.86324e-06,3.70147e-06,5.96586e-06,6.46806e-06,1.29274e-05,1.95458e-11,5.95483e-11
0.254,1.93919e-11,3.87479e-11,9.27624e-06,4.70259e-06,8.58056e-06,6.00372e-06,5.81177e-06,4.13676e-06,0,1.95139e-11
0.256,1.89683e-11,5.66947e-11,1.57598e-06,8.56724e-06,9.72784e-06,1.17492e-05,3.79144e-06,8.24141e-06,5.67477e-11,0
0.258,1.82617e-11,1.10638e-10,5.40028e-06,2.52613e-06,9.76693e-06,7.53664e-06,1.72563e-05,1.17796e-05,3.65321e-11,1.84748e-11
0.26,5.40899e-11,1.7814e-11,5.30641e-06,4.19639e-06,6.87558e-06,5.57906e-06,8.36075e-06,3.66492e-06,1.79772e-11,1.78114e-11
0.262,1.77362e-11,3.53207e-11,1.0741e-05,6.36321e-06,7.06926e-06,3.35511e-06,3.28249e-06,5.5178e-06,3.52779e-11,0
0.264,3.43809e-11,6.86607e-11,2.89766e-06,6.2221e-06,2.88678e-06,2.93174e-06,7.88284e-06,4.89566e-06,1.72846e-11,3.42339e-11
0.266,1.68576e-11,5.03667e-11,8.28259e-07,4.25443e-06,7.60165e-06,2.94479e-06,4.99814e-06,6.96715e-06,1.66324e-11,5.02755e-11
0.268,3.28396e-11,4.9005e-11,2.65369e-06,1.48477e-05,4.97557e-06,3.03597e-06,9.02598e-06,8.98649e-06,3.27095e-11,3.27416e-11
0.27,1.59472e-11,1.6207e-11,6.0431e-07,9.70086e-06,2.38924e-06,4.84572e-06,4.81974e-06,2.75034e-06,3.19909e-11,1.59149e-11
0.272,0,0,2.48886e-06,3.73052e-06,2.3523e-06,4.50244e-06,2.66566e-06,9.15902e-06,4.74205e-11,3.13159e-11
0.274,0,3.06949e-11,2.53014e-06,1.52622e-06,6.19214e-06,6.58001e-06,4.65717e-06,2.34217e-06,3.04495e-11,1.53961e-11
0.276,0,3.02713e-11,4.50308e-07,5.75018e-06,6.66182e-06,2.44134e-06,2.32122e-06,2.56729e-06,0,4.50033e-11
0.278,4.41264e-11,4.37958e-11,6.10712e-05,3.42636e-06,6.74451e-06,2.48908e-06,2.15131e-06,1.02263e-05,1.46105e-11,0
0.28,2.87822e-11,1.42615e-11,4.01895e-06,4.11552e-06,1.98796e-06,4.35181e-06,2.36423e-06,6.1577e-06,2.87853e-11,1.43433e-11
0.282,0,4.21555e-11,1.45014e-05,4.2014e-06,5.71379e-06,6.11065e-06,4.47943e-06,4.43482e-06,5.65691e-11,4.22188e-11
0.284,1.36885e-11,1.36597e-11,6.95242e-06,1.19015e-05,3.61734e-06,1.20459e-05,3.86069e-06,3.91491e-06,2.7443e-11,1.37235e-11
0.286,0,0,6.56761e-06,1.48652e-06,7.59134e-06,3.76626e-06,3.8252e-06,1.87688e-06,1.36121e-11,0
0.288,1.32009e-11,2.6463e-11,6.90221e-06,1.23122e-06,1.7346e-06,1.69717e-06,1.65386e-06,1.91985e-06,0,2.63824e-11
0.29,1.29661e-11,1.3039e-11,3.03624e-06,7.2993e-06,1.54792e-06,1.75441e-06,1.76357e-06,1.69184e-06,2.57635e-11,0
0.292,1.2729e-11,1.26424e-11,2.64334e-06,2.98349e-06,1.48857e-06,1.76271e-06,3.50425e-06,1.518e-06,1.26543e-11,0
0.294,0,1.24227e-11,6.17989e-06,2.92058e-06,4.04565e-06,1.65898e-06,1.47063e-06,1.51135e-06,1.24262e-11,1.23611e-11
0.296,0,0,6.80466e-07,5.20189e-06,1.21968e-06,1.33668e-06,1.29115e-06,1.60479e-06,1.22235e-11,4.87466e-11
0.298,2.39338e-11,1.1977e-11,4.20341e-06,2.86266e-06,3.37062e-06,1.30234e-06,1.45398e-06,1.42666e-06,0,0
0.3,2.34041e-11,2.34356e-11,5.49536e-07,3.22923e-06,6.84282e-06,3.0986e-06,3.74376e-06,1.33231e-06,2.32337e-11,2.34177e-11
0.302,2.28115e-11,2.29932e-11,5.6495e-07,9.12963e-07,1.1265e-06,3.11829e-06,1.55822e-06,1.29625e-06,0,2.27834e-11
0.304,0,1.12115e-11,2.61677e-06,8.58089e-07,1.19165e-06,1.39205e-06,1.2966e-06,1.26618e-06,0,3.38051e-11
0.306,1.0904e-11,1.10322e-11,3.93549e-06,8.94313e-07,1.16522e-06,1.12687e-06,1.24073e-06,5.46013e-06,1.10235e-11,2.21276e-11
0.308,3.24714e-11,1.08311e-11,4.71348e-06,8.52501e-07,5.36314e-06,2.93988e-06,5.01332e-06,1.07971e-06,2.17188e-11,0
0.31,0,0,1.07201e-05,4.33711e-06,9.74058e-07,1.06389e-06,1.21578e-06,1.01864e-06,0,0
0.312,2.06401e-11,2.07069e-11,2.90714e-05,2.56191e-06,2.85161e-06,9.83214e-07,9.41048e-07,9.75948e-07,2.06782e-11,0
0.314,0,2.04246e-11,1.15977e-05,4.73509e-06,4.65306e-06,2.64463e-06,2.81929e-06,1.07708e-06,1.00957e-11,1.01868e-11
0.316,0,9.96113e-12,6.25167e-06,7.37073e-07,4.63711e-06,9.14274e-07,9.33824e-07,8.70871e-07,9.91814e-12,1.98575e-11
0.318,0,0,6.14728e-06,8.76144e-07,8.00278e-07,3.2265e-06,8.21932e-07,2.55545e-06,9.7673e-12,1.95306e-11
0.32,0,0,7.48822e-07,8.03288e-07,7.77677e-07,1.00016e-06,9.14852e-07,7.52069e-07,9.66218e-12,0
0.322,1.89195e-11,9.38818e-12,6.75011e-07,2.44148e-06,7.07248e-07,8.18817e-07,6.45715e-06,4.58517e-06,0,0
0.324,1.83872e-11,1.84952e-11,5.77876e-06,7.92543e-07,7.17173e-07,8.60545e-07,9.48083e-07,6.90161e-07,0,1.8541e-11
0.326,1.81147e-11,0,5.47901e-06,6.66252e-07,9.41223e-07,8.72233e-07,2.49062e-06,8.74691e-07,0,0
0.328,0,8.96651e-12,3.98994e-07,6.2418e-06,6.45527e-07,7.92086e-07,7.63325e-07,7.19759e-07,0,8.96486e-12
0.33,8.78181e-12,8.80792e-12,5.96839e-07,2.07977e-06,2.51565e-06,8.12498e-07,8.40385e-07,7.97433e-07,1.74532e-11,8.78037e-12
0.332,8.55971e-12,8.54755e-12,4.61525e-07,5.97179e-07,2.25138e-06,6.94649e-07,5.79245e-07,2.68974e-06,0,8.52358e-12
0.334,8.38135e-12,8.46214e-12,2.11009e-06,2.45281e-06,6.39636e-07,2.22038e-06,4.87522e-07,7.90357e-07,1.68429e-11,1.6993e-11
0.336,1.64932e-11,0,2.4056e-06,5.8408e-07,2.23325e-06,5.79865e-07,6.2557e-07,6.89825e-07,8.23573e-12,8.26122e-12
0.338,0,8.09624e-12,1.87176e-06,4.9762e-07,4.95928e-07,4.67459e-07,6.43987e-07,4.70463e-06,0,0
0.34,7.99506e-12,0,2.44981e-07,5.4245e-07,4.59709e-07,5.20006e-07,5.54375e-07,2.3203e-06,7.9916e-12,0
0.342,0,0,2.70216e-07,2.08681e-06,2.18968e-06,4.93486e-07,5.50402e-07,5.54416e-07,0,0
0.344,1.54812e-11,2.31508e-11,1.9594e-06,2.29493e-06,2.21224e-06,5.23454e-07,5.11809e-07,4.7879e-07,7.72106e-12,7.77858e-12
0.346,0,0,2.2559e-07,3.81852e-07,4.25848e-07,2.01786e-06,5.07996e-07,5.24303e-07,7.53547e-12,7.59492e-12
0.348,7.47379e-12,1.48844e-11,2.55792e-05,3.81419e-06,2.76473e-06,2.26268e-06,4.58619e-07,4.42112e-07,2.23704e-11,0
0.35,1.45923e-11,7.38158e-12,5.60234e-06,4.8682e-07,3.77535e-07,2.36611e-06,3.97794e-07,2.12065e-06,0,1.46442e-11
0.352,0,0,2.20688e-06,3.60983e-06,4.01979e-07,4.30097e-07,4.64397e-07,5.14848e-07,7.21446e-12,7.16851e-12
0.354,0,0,3.76343e-06,2.05117e-06,4.06202e-07,2.11848e-06,3.33598e-07,4.37815e-07,1.41251e-11,7.03919e-12
0.356,6.94959e-12,6.9516e-12,3.54287e-06,3.55687e-07,3.89248e-07,4.56326e-06,3.6864e-07,4.04096e-06,0,0
0.358,0,1.3678e-11,1.9121e-06,2.97865e-07,3.68754e-07,3.8745e-07,3.90904e-07,5.02037e-07,0,0
0.36,0,6.68556e-12,2.02293e-06,2.83748e-07,3.65873e-07,1.98856e-06,3.1787e-07,3.47425e-07,6.70205e-12,6.6833e-12
0.362,0,0,2.92689e-07,3.31178e-07,3.00989e-07,3.03933e-07,2.72552e-07,3.09408e-07,1.32294e-11,0
0.364,0,0,2.54192e-07,1.88629e-06,2.66365e-07,4.59612e-07,2.86136e-07,2.70706e-07,0,0
0.366,6.35828e-12,0,2.79719e-07,3.08659e-07,2.0527e-06,2.11549e-06,3.29145e-07,2.50444e-07,6.4108e-12,6.44094e-12
0.368,6.34823e-12,1.26737e-11,2.21397e-07,1.99641e-06,1.91962e-07,3.43763e-07,4.00891e-06,3.45782e-07,6.34517e-12,1.25914e-11
0.37,6.18782e-12,0,1.77082e-06,2.29365e-06,2.65543e-07,1.8838e-06,3.05292e-07,2.93582e-07,0,0
0.372,6.14396e-12,6.12352e-12,3.51777e-06,2.32649e-07,3.01418e-07,2.68029e-07,2.5376e-07,2.46778e-07,0,0
0.374,5.96236e-12,0,3.73549e-06,2.53732e-07,3.50839e-07,2.94195e-07,2.48709e-07,2.80609e-07,6.01124e-12,0
0.376,0,0,2.49737e-07,1.9153e-07,2.1746e-07,2.69134e-07,1.85555e-07,2.21856e-07,0,0
0.378,5.8463e-12,0,1.54767e-07,3.57544e-06,1.92175e-06,2.60225e-07,2.1017e-07,1.90892e-06,0,0
0.38,0,5.71115e-12,1.98305e-07,2.19998e-07,1.57769e-07,2.23757e-06,2.0947e-07,2.28547e-07,5.76395e-12,0
0.382,0,0,1.33597e-05,2.14415e-07,2.51187e-07,2.8121e-07,2.1509e-07,2.10893e-06,5.63897e-12,5.6417e-12
0.384,0,0,2.18441e-06,2.32863e-07,1.98099e-07,2.26523e-07,1.49227e-07,2.16885e-07,5.58547e-12,0
0.386,0,5.49827e-12,4.80882e-06,1.67011e-07,2.81179e-07,1.61986e-07,1.78739e-07,1.87933e-07,0,0
0.388,0,5.39532e-12,3.66431e-06,1.73653e-07,2.03866e-07,1.70964e-07,2.01809e-07,3.4792e-06,0,0
0.39,0,1.05671e-11,1.80086e-06,2.85564e-07,2.15834e-07,1.66452e-07,1.84617e-07,2.42929e-07,5.31226e-12,5.27097e-12
0.392,5.24716e-12,0,1.69253e-06,1.77907e-07,1.34184e-07,1.5965e-06,1.6409e-07,2.02673e-07,5.20769e-12,0
0.394,0,0,1.68983e-06,1.32626e-07,1.92273e-07,1.3424e-07,1.39128e-07,1.97552e-07,0,0
0.396,0,5.06684e-12,2.01836e-07,1.62377e-07,1.65098e-07,1.49843e-07,1.43732e-07,1.74756e-07,5.05228e-12,5.0518e-12
0.398,0,0,1.72843e-07,1.40046e-07,1.54839e-07,1.84455e-07,1.44552e-07,1.52469e-07,0,4.98704e-12
0.4,9.76692e-12,9.77226e-12,1.59789e-07,1.36114e-07,1.70399e-07,1.74472e-07,1.67419e-07,2.16239e-06,0,9.82887e-12
0.402,0,4.81544e-12,1.80341e-06,1.67476e-06,2.56211e-07,1.64133e-07,1.47312e-07,1.4813e-07,4.82701e-12,0
0.404,0,0,9.07199e-08,1.31972e-07,1.09147e-07,8.48764e-08,1.39113e-07,1.8108e-06,0,0
0.406,0,0,2.98876e-06,1.71643e-07,1.27372e-07,1.16991e-07,1.21654e-07,1.14968e-07,0,0
0.408,0,0,1.68569e-07,1.38594e-07,1.29303e-07,9.05371e-08,1.21267e-07,1.29214e-07,0,0
0.41,0,0,1.37131e-07,1.17741e-07,7.55043e-08,7.58787e-08,1.05683e-07,1.11203e-07,0,0
0.412,0,0,9.49086e-08,1.16216e-07,1.465e-07,1.28589e-07,7.64057e-08,8.9127e-08,0,0
0.414,0,0,1.05193e-07,7.04733e-08,7.28339e-08,9.67608e-08,1.00277e-07,1.1366e-07,0,0
0.416,0,0,1.21296e-05,8.80778e-08,9.66026e-08,8.44751e-08,8.39506e-08,7.00378e-08,0,0
0.418,0,0,3.72647e-07,1.49561e-07,6.9919e-08,7.15618e-08,6.27395e-08,1.02275e-07,0,0
0.42,0,0,4.04149e-07,1.62261e-07,1.1308e-07,7.19807e-08,1.39658e-07,9.3297e-08,0,0
0.422,0,0,1.58378e-06,5.4681e-08,6.48779e-08,4.36128e-08,8.6815e-08,9.8815e-08,0,0
0.424,0,0,2.82193e-06,9.34526e-08,5.11422e-08,8.0921e-08,1.79429e-06,9.16854e-08,0,0
0.426,0,0,1.67858e-06,4.69281e-08,9.54069e-08,7.17054e-08,5.91183e-08,6.54797e-08,0,0
0.428,0,0,1.41197e-07,9.40219e-08,4.75129e-08,7.78923e-08,4.31594e-08,7.48736e-08,0,0
0.43,0,0,1.44018e-07,1.52726e-07,6.26419e-08,1.33889e-07,7.59307e-08,5.77536e-08,0,0
0.432,0,0,1.51517e-07,7.71047e-08,5.53032e-08,9.58928e-08,5.82493e-08,6.35447e-08,0,0
0.434,0,0,1.16523e-07,9.5541e-08,6.1914e-08,7.35778e-08,6.34933e-08,1.66721e-06,0,0
0.436,0,0,1.51299e-06,1.21074e-07,1.1022e-07,5.42999e-08,6.74042e-08,3.57158e-08,0,0
0.438,0,0,9.96184e-08,1.1429e-07,6.43612e-08,4.57093e-08,5.91226e-08,5.20837e-08,0,0
0.44,0,0,7.76979e-08,8.66115e-08,7.26305e-08,4.53498e-08,6.59313e-08,4.38614e-08,0,0
0.442,0,0,1.47762e-06,6.14763e-08,6.7357e-08,7.74689e-08,5.05078e-08,6.87388e-08,0,0
0.444,0,0,7.92692e-08,7.0361e-08,3.84543e-08,5.65131e-08,5.2817e-08,9.38235e-08,0,0
0.446,0,0,7.77175e-08,6.80345e-08,4.36629e-08,1.99862e-08,3.89443e-08,6.83663e-08,0,0
0.448,0,0,6.83315e-08,7.20629e-08,5.06371e-08,2.47846e-08,6.08775e-08,4.30081e-08,0,0
0.45,0,0,8.04461e-08,5.6017e-08,2.91273e-08,4.383e-08,4.70144e-08,4.10672e-08,0,0
0.452,0,0,8.90065e-06,5.48125e-08,2.7002e-08,3.51611e-08,3.19059e-08,4.07816e-08,0,0
0.454,0,0,1.48146e-06,5.49132e-08,2.24625e-08,4.83086e-08,4.12431e-08,7.0541e-08,0,0
0.456,0,0,1.5156e-07,9.77439e-08,4.75056e-08,3.93338e-08,5.9523e-08,5.47124e-08,0,0
0.458,0,0,1.51856e-07,3.76998e-08,2.50327e-08,6.35058e-08,3.13852e-08,3.90516e-08,0,0
0.46,0,0,7.55258e-06,7.61842e-08,2.33273e-08,2.54188e-08,3.84494e-08,3.34111e-08,0,0
0.462,0,0,1.97045e-07,8.64939e-08,7.21163e-08,4.08825e-08,2.13448e-08,3.77205e-08,0,0
0.464,0,0,7.2707e-08,1.46761e-06,3.23656e-08,3.07907e-08,8.64221e-08,3.68373e-08,0,0
0.466,0,0,7.87842e-08,4.35988e-08,3.9176e-08,4.89861e-08,1.08038e-07,1.2451e-07,0,0
0.468,0,0,7.51629e-08,4.63127e-08,1.19874e-08,1.61756e-08,1.77095e-08,9.93721e-08,0,0
0.47,0,0,3.15765e-06,3.79382e-08,3.693e-08,4.74064e-08,1.03335e-07,2.01315e-08,0,0
0.472,0,0,8.78558e-08,4.24041e-08,1.89983e-08,3.09905e-08,3.52834e-08,3.78701e-08,0,0
0.474,0,0,5.09244e-08,3.85284e-08,4.06636e-08,1.53904e-08,8.32603e-08,2.16753e-08,0,0
0.476,0,0,5.91269e-08,2.53596e-08,2.75007e-08,2.95371e-08,1.23761e-08,2.24529e-08,0,0
0.478,0,0,1.27588e-07,4.34955e-08,3.41202e-08,2.7025e-08,3.14484e-08,1.76922e-06,0,0
0.48,0,0,9.89806e-08,4.91504e-08,1.61048e-08,2.45122e-08,9.31942e-09,2.19562e-08,0,0
0.482,0,0,3.57815e-08,3.46502e-08,2.65459e-08,1.89771e-08,1.73246e-08,6.33438e-09,0,0
0.484,0,0,2.85087e-08,4.01484e-08,1.75913e-08,6.36733e-09,4.12961e-08,4.1135e-08,0,0
0.486,0,0,3.55976e-06,3.8923e-08,1.34554e-08,8.31732e-09,9.09874e-09,1.46493e-08,0,0
0.488,0,0,1.35168e-06,3.34207e-08,8.1009e-09,1.21127e-08,1.69943e-08,2.44086e-08,0,0
0.49,0,0,1.27863e-07,1.29344e-08,2.25285e-08,2.23942e-08,4.60395e-09,2.23277e-08,0,0
0.492,0,0,7.50329e-08,3.01949e-08,5.41341e-09,1.22001e-08,1.73694e-08,2.71034e-08,0,0
0.494,0,0,1.00913e-07,3.15163e-08,7.68367e-09,5.62503e-09,7.97793e-09,1.90934e-08,0,0
0.496,0,0,7.49052e-08,3.47288e-08,1.49821e-08,1.09676e-08,9.00366e-09,3.65406e-08,0,0
0.498,0,0,6.35621e-08,2.89698e-08,2.91312e-08,1.8065e-08,2.23267e-08,1.67525e-08,0,0
0.5,0,0,5.39798e-08,4.43007e-08,6.05148e-09,1.69512e-08,1.21221e-08,1.70101e-08,0,0
0.502,0,0,7.90771e-08,4.65415e-08,7.9346e-09,8.27712e-09,1.68642e-08,8.69683e-09,0,0
0.504,0,0,4.18568e-08,4.47662e-08,8.38161e-09,1.39392e-08,5.25685e-09,1.00995e-08,0,0
0.506,0,0,4.30813e-08,2.38231e-08,1.56323e-08,1.16786e-08,3.63357e-08,1.57303e-08,0,0
0.508,0,0,5.49343e-08,1.60796e-07,7.03703e-09,3.05291e-09,7.87809e-09,7.12466e-09,0,0
0.51,0,0,3.41666e-08,3.04676e-08,1.71769e-08,1.9008e-09,2.17626e-08,1.77524e-08,0,0
0.512,0,0,3.61389e-08,1.99345e-08,7.82874e-09,1.12737e-08,1.57625e-08,4.84476e-09,0,0
0.514,0,0,5.59008e-08,5.63852e-06,7.81274e-09,8.64614e-09,1.20267e-08,3.43821e-09,0,0
0.516,0,0,3.81776e-08,4.73824e-08,5.97564e-09,1.22888e-08,1.52459e-09,2.39083e-09,0,0
0.518,0,0,4.2837e-08,6.68195e-08,9.30202e-09,2.28643e-08,1.6447e-09,1.00504e-08,0,0
0.52,0,0,2.30215e-08,1.14472e-06,1.21732e-08,6.17395e-09,1.78096e-08,1.1197e-08,0,0
0.522,0,0,5.46837e-06,2.52796e-08,1.55606e-09,2.14904e-09,4.2745e-09,2.04201e-09,0,0
0.524,0,0,1.3145e-07,4.02017e-08,2.39016e-08,6.69596e-09,1.71092e-08,2.59757e-08,0,0
0.526,0,0,1.3242e-06,8.69127e-09,1.97271e-08,2.06486e-08,1.13164e-09,1.03137e-08,0,0
0.528,0,0,6.19157e-08,1.23192e-08,3.29654e-09,1.80986e-08,1.84976e-08,1.642e-09,0,0
0.53,0,0,6.4178e-08,4.05905e-08,9.65733e-09,2.56149e-08,2.39648e-09,1.40119e-08,0,0
0.532,0,0,3.96793e-08,6.42582e-09,2.68908e-08,3.30455e-08,7.40037e-09,6.26673e-09,0,0
0.534,0,0,6.21523e-08,6.29883e-09,1.70997e-08,4.68873e-08,2.32335e-09,2.6029e-09,0,0
0.536,0,0,1.12847e-06,1.11433e-08,2.15628e-09,3.72201e-09,4.09212e-09,1.94324e-09,0,0
0.538,0,0,2.17441e-08,1.14178e-08,8.93466e-09,1.48515e-09,1.00336e-08,2.05892e-09,0,0
0.54,0,0,3.86666e-08,9.19202e-09,3.17787e-09,6.48923e-09,6.13709e-09,7.04691e-09,0,0
0.542,0,0,2.0297e-08,1.8577e-08,3.24012e-09,8.68043e-09,1.21692e-09,5.08386e-09,0,0
0.544,0,0,3.64759e-08,8.28862e-09,3.03065e-09,2.25738e-09,8.30762e-09,2.93842e-09,0,0
0.546,0,0,1.91325e-08,5.32261e-09,1.14463e-09,6.70065e-09,1.26516e-09,1.0138e-08,0,0
0.548,0,0,2.84675e-08,3.03848e-09,2.29909e-09,5.49627e-09,1.95718e-08,1.46644e-09,0,0
0.55,0,0,1.86322e-08,7.19854e-08,9.65331e-09,1.99357e-09,4.63317e-10,1.72736e-09,0,0
0.552,0,0,1.81489e-08,1.64375e-08,2.48575e-09,2.89526e-09,1.30398e-09,5.16998e-10,0,0
0.554,0,0,1.59555e-08,6.78677e-09,1.0861e-09,2.10873e-09,1.33834e-09,9.77205e-10,0,0
0.556,0,0,1.02984e-06,1.20034e-08,5.16825e-09,1.46604e-09,9.21452e-09,1.89261e-09,0,0
0.558,0,0,5.25504e-08,7.76111e-09,2.01512e-09,5.74981e-10,3.92142e-10,1.65815e-09,0,0
0.56,0,0,3.86305e-08,4.99852e-09,3.6063e-09,6.8619e-10,5.48993e-10,1.46431e-09,0,0
0.562,0,0,2.61549e-08,1.91248e-09,1.69826e-09,5.85701e-09,1.84364e-09,8.61826e-09,0,0
0.564,0,0,2.89005e-08,9.29895e-09,9.86928e-10,8.4514e-09,6.05947e-09,2.65908e-10,0,0
0.566,0,0,3.20099e-08,2.01383e-08,2.33824e-08,8.62209e-09,8.79634e-09,7.54799e-09,0,0
0.568,0,0,2.18689e-08,2.72567e-09,1.00902e-08,1.61035e-09,9.28648e-09,6.38177e-09,0,0
0.57,0,0,1.01598e-06,7.30438e-09,2.40389e-09,6.1489e-10,3.25535e-10,1.11441e-09,0,0
0.572,0,0,1.81288e-08,6.52754e-09,1.93179e-09,5.91363e-09,5.43063e-10,4.57595e-09,0,0
0.574,0,0,1.43958e-08,4.01062e-09,3.94532e-10,8.11578e-10,5.39209e-09,1.43355e-10,0,0
0.576,0,0,1.89105e-08,2.17658e-09,7.43201e-09,2.1653e-09,1.18134e-09,4.27887e-09,0,0
0.578,0,0,2.90701e-08,8.01452e-09,7.55188e-09,3.64279e-09,5.02966e-10,6.06306e-10,0,0
0.58,0,0,1.18781e-08,4.1646e-09,1.20308e-09,2.30409e-10,9.65239e-09,7.50934e-10,0,0
0.582,0,0,1.87082e-08,8.79185e-09,1.96138e-09,2.03614e-10,5.00741e-09,1.82227e-10,0,0
0.584,0,0,1.53101e-08,1.08952e-09,4.2074e-09,6.26839e-10,2.35483e-09,2.87788e-09,0,0
0.586,0,0,2.78443e-08,6.39454e-09,9.47063e-09,3.08875e-10,3.44051e-10,4.15604e-09,0,0
0.588,0,0,1.55312e-08,1.12301e-08,4.75767e-09,1.11925e-09,7.16192e-10,1.86852e-10,0,0
0.59,0,0,1.68577e-08,1.22277e-09,3.01074e-09,1.11772e-09,7.99247e-10,2.34857e-10,0,0
0.592,0,0,9.80909e-07,4.20345e-10,1.01524e-09,3.6734e-10,3.89077e-09,6.53452e-10,0,0
0.594,0,0,1.0145e-06,2.9296e-09,2.95059e-09,1.25409e-09,2.66349e-10,1.21804e-10,0,0
0.596,0,0,5.21e-08,1.69075e-08,8.89184e-10,2.53899e-10,5.13927e-09,1.21658e-09,0,0
0.598,0,0,1.97645e-08,6.47708e-09,9.1136e-10,5.31306e-10,3.96413e-09,6.5812e-10,0,0
0.6,0,0,4.11665e-08,2.28076e-09,5.64634e-10,5.89375e-09,2.32494e-10,5.66271e-09,0,0
0.602,0,0,9.25371e-07,1.12419e-08,6.47431e-09,1.14969e-08,3.09848e-10,3.23381e-10,0,0
0.604,0,0,4.3404e-08,5.04311e-09,1.12234e-09,5.59614e-10,4.2945e-10,1.09642e-09,0,0
0.606,0,0,1.32285e-08,1.09118e-09,1.97196e-09,4.13366e-10,2.01571e-10,1.34631e-10,0,0
0.608,0,0,3.07932e-08,7.95383e-10,9.18777e-09,4.17012e-10,9.55937e-10,1.52046e-09,0,0
0.61,0,0,1.52981e-08,1.2333e-08,7.30379e-09,3.77667e-09,5.60354e-09,2.58386e-10,0,0
0.612,0,0,3.27449e-08,1.70404e-09,2.26162e-09,4.90514e-09,3.10883e-10,2.87319e-10,0,0
0.614,0,0,9.68072e-09,1.46739e-10,1.80516e-10,9.88221e-11,1.80882e-10,3.10949e-09,0,0
0.616,0,0,6.2347e-09,3.34734e-10,8.66976e-09,2.00901e-09,1.69724e-09,1.99936e-09,0,0
0.618,0,0,9.44703e-07,2.27851e-10,7.42682e-09,9.19218e-11,2.28323e-11,6.23222e-09,0,0
0.62,0,0,5.82614e-09,2.94463e-10,2.27365e-11,3.37589e-11,6.2675e-09,1.17737e-10,0,0
0.622,0,0,2.61786e-09,4.9862e-09,3.00603e-09,6.50727e-10,5.94363e-11,1.47529e-10,0,0
0.624,0,0,9.06346e-09,4.37141e-10,4.93972e-10,8.15583e-11,1.08461e-10,2.8841e-11,0,0
0.626,0,0,8.71435e-07,1.68044e-10,8.54377e-11,2.50717e-10,4.53485e-10,1.19451e-09,0,0
0.628,0,0,5.67826e-08,2.60592e-10,9.30006e-09,1.57808e-09,3.70382e-11,5.13232e-11,0,0
0.63,0,0,2.18827e-08,1.90207e-09,1.4345e-09,5.8297e-10,4.72975e-09,1.14626e-09,0,0
0.632,0,0,9.91914e-09,4.55042e-10,8.44849e-12,9.85051e-11,9.65792e-11,1.00268e-09,0,0
0.634,0,0,1.30134e-08,7.85361e-10,2.60945e-11,2.72328e-11,7.72492e-11,8.99646e-11,0,0
0.636,0,0,2.10226e-08,5.22761e-10,3.00658e-10,2.33642e-10,8.07975e-11,4.71625e-11,0,0
0.638,0,0,2.35566e-08,3.91696e-10,2.24203e-11,0,1.86455e-11,9.95136e-11,0,0
0.64,0,0,6.97589e-09,5.55538e-11,3.20179e-11,1.32003e-10,1.48287e-11,0,0,0
0.642,0,0,2.02905e-08,7.12681e-10,8.97234e-11,9.61607e-12,4.3681e-11,1.0629e-10,0,0
0.644,0,0,1.08936e-08,1.6918e-10,1.4794e-10,5.37309e-09,1.58752e-10,6.1178e-11,0,0
0.646,0,0,1.06309e-08,2.11876e-10,4.85302e-10,7.94103e-11,3.24132e-09,5.66454e-11,0,0
0.648,0,0,1.49721e-08,2.28407e-10,9.16808e-09,2.80979e-10,5.42957e-11,1.18409e-10,0,0
0.65,0,0,9.95519e-07,1.42266e-09,8.76022e-11,7.49485e-09,6.2725e-09,1.02875e-10,0,0
0.652,0,0,6.14861e-09,2.68504e-10,2.17835e-10,7.28635e-10,2.27605e-11,7.47854e-11,0,0
0.654,0,0,1.31907e-08,1.07942e-10,8.99811e-11,1.79885e-10,1.01209e-09,9.69905e-11,0,0
0.656,0,0,9.36389e-09,5.83732e-10,1.53498e-11,1.92902e-09,1.63189e-10,1.78912e-10,0,0
0.658,0,0,1.01022e-08,7.55839e-11,9.03417e-11,1.66297e-10,1.5093e-10,2.33565e-11,0,0
0.66,0,0,1.09601e-08,2.72497e-10,1.05497e-10,4.03993e-10,1.19507e-11,5.50338e-11,0,0
0.662,0,0,1.63549e-08,1.50562e-10,9.44219e-11,7.72077e-10,2.90259e-11,4.29878e-11,0,0
0.664,0,0,1.01086e-08,8.47596e-11,9.40202e-11,7.8641e-11,1.63027e-09,1.69706e-09,0,0
0.666,0,0,1.43674e-08,5.76606e-10,9.24085e-11,9.85602e-11,4.84941e-11,2.43038e-11,0,0
0.668,0,0,1.55046e-08,7.4649e-10,2.99548e-10,1.39966e-09,0,1.23515e-10,0,0
0.67,0,0,2.25777e-08,4.24842e-11,1.51286e-11,9.94585e-11,1.20279e-10,3.05474e-11,0,0
0.672,0,0,8.52143e-09,4.99733e-10,1.29495e-09,6.11647e-11,1.30667e-10,8.20042e-11,0,0
0.674,0,0,9.23498e-09,2.52536e-10,9.96603e-11,1.96722e-11,1.78525e-10,9.55777e-12,0,0
0.676,0,0,2.65596e-09,3.27221e-10,8.30814e-11,0,2.08536e-10,1.73498e-10,0,0
0.678,0,0,4.45063e-09,1.00901e-10,2.22941e-11,1.3386e-11,1.24032e-11,1.62958e-11,0,0
0.68,0,0,1.33422e-08,9.34908e-11,7.84075e-12,2.07843e-10,1.00433e-10,0,0,0
0.682,0,0,1.08643e-08,4.56004e-10,7.7755e-12,4.85496e-11,2.69022e-11,3.03795e-11,0,0
0.684,0,0,1.93455e-09,7.5686e-11,8.31451e-11,1.16352e-09,0,1.10847e-10,0,0
0.686,0,0,7.61796e-09,1.76278e-11,7.19743e-11,1.53191e-10,4.02461e-12,1.10442e-11,0,0
0.688,0,0,6.76068e-09,1.43146e-10,8.51876e-11,2.07854e-09,1.17395e-10,7.39237e-11,0,0
0.69,0,0,1.16993e-08,1.04925e-10,9.23909e-12,6.26917e-11,2.56275e-11,1.03235e-10,0,0
0.692,0,0,1.28565e-08,1.15833e-09,3.70979e-11,9.1236e-12,7.20095e-09,7.23376e-09,0,0
0.694,0,0,9.93847e-09,1.13212e-10,3.6899e-09,6.42961e-09,2.15945e-10,1.9055e-11,0,0
0.696,0,0,3.46757e-08,0,0,8.13416e-12,1.04473e-11,0,0,0
0.698,0,0,1.37738e-08,2.8914e-11,0,1.27518e-11,1.08966e-11,3.75715e-12,0,0
0.7,0,0,7.54462e-07,1.59671e-10,4.35175e-11,2.59886e-11,1.51822e-09,1.72226e-11,0,0
0.702,0,0,1.49735e-08,7.79967e-11,0,1.31475e-11,1.76564e-11,2.58906e-11,0,0
0.704,0,0,1.30802e-08,5.05224e-11,6.79815e-11,0,9.02946e-12,0,0,0
0.706,0,0,5.56937e-09,1.6374e-11,1.04699e-11,0,0,0,0,0
0.708,0,0,5.92395e-09,2.15044e-10,2.43149e-11,3.78304e-10,1.14328e-10,2.38203e-11,0,0
0.71,0,0,1.04539e-08,1.79122e-11,7.51827e-12,0,0,2.96204e-11,0,0
0.712,0,0,6.60069e-09,3.38344e-10,2.30345e-11,3.19781e-09,0,0,0,0
0.714,0,0,2.85927e-09,1.01834e-10,2.25757e-11,8.74139e-11,0,0,0,0
0.716,0,0,3.84223e-09,5.60178e-11,0,2.88513e-11,9.34804e-12,2.45457e-11,0,0
0.718,0,0,3.01947e-09,1.54751e-11,0,0,0,4.55392e-11,0,0
0.72,0,0,6.4015e-09,3.11966e-10,0,2.02171e-11,0,4.37105e-11,0,0
0.722,0,0,3.39177e-10,6.58139e-12,0,0,3.07771e-11,4.48728e-11,0,0
0.724,0,0,2.39884e-09,2.96476e-10,0,2.53966e-11,0,4.39242e-12,0,0
0.726,0,0,2.27302e-09,0,0,1.3113e-11,0,0,0,0
0.728,0,0,5.38802e-09,1.71698e-09,7.52852e-12,6.21341e-11,2.02272e-10,3.10278e-11,0,0
0.73,0,0,2.13458e-08,1.67146e-11,0,3.70489e-11,0,0,0,0
0.732,0,0,1.15051e-08,2.24107e-11,0,1.10488e-11,0,0,0,0
0.734,0,0,1.92897e-08,1.21373e-09,0,0,4.15684e-09,4.11541e-09,0,0
0.736,0,0,6.33209e-09,1.38969e-11,1.86613e-11,0,1.7796e-11,0,0,0
0.738,0,0,3.23138e-09,1.25781e-10,2.2016e-11,2.32743e-11,9.41079e-12,0,0,0
0.74,0,0,7.71616e-09,0,2.72958e-11,0,0,2.71524e-11,0,0
0.742,0,0,8.06447e-10,0,0,0,2.12449e-11,0,0,0
0.744,0,0,5.30682e-09,0,2.0027e-10,6.91221e-12,0,0,0,0
0.746,0,0,3.03955e-09,2.61227e-11,0,7.81957e-12,0,0,0,0
0.748,0,0,1.39009e-09,7.10977e-12,0,1.01048e-11,8.67346e-12,2.53161e-11,0,0
0.75,0,0,5.39886e-09,1.67947e-11,9.13881e-12,0,0,1.59878e-11,0,0
0.752,0,0,3.80276e-09,3.56453e-11,5.1583e-11,4.89309e-10,2.63508e-10,0,0,0
0.754,0,0,1.47058e-09,4.23969e-11,0,2.53901e-11,2.43394e-10,0,0,0
0.756,0,0,6.55837e-09,1.65778e-11,0,1.78858e-11,0,0,0,0
0.758,0,0,1.69356e-09,5.9054e-12,0,0,0,9.1861e-12,0,0
0.76,0,0,3.98893e-09,2.61586e-10,0,0,0,0,0,0
0.762,0,0,2.38967e-10,0,0,0,0,0,0,0
0.764,0,0,1.60773e-09,1.65346e-11,0,0,0,0,0,0
0.766,0,0,1.56345e-08,2.48952e-11,8.17277e-12,0,1.69608e-10,0,0,0
0.768,0,0,2.67217e-10,3.51114e-11,0,0,0,0,0,0
0.77,0,0,7.324e-09,0,0,0,4.63165e-11,0,0,0
0.772,0,0,3.37792e-10,0,0,0,0,0,0,0
0.774,0,0,2.70853e-09,7.48866e-12,0,0,0,0,0,0
0.776,0,0,2.68359e-09,3.53448e-11,0,0,0,5.84412e-12,0,0
0.778,0,0,1.24971e-09,6.67628e-12,8.23489e-12,0,1.16404e-11,0,0,0
0.78,0,0,2.76342e-10,4.21188e-11,0,0,0,0,0,0
0.782,0,0,3.4686e-09,2.23952e-11,0,0,0,8.52164e-12,0,0
0.784,0,0,2.6663e-10,2.39543e-11,0,1.21913e-09,0,0,0,0
0.786,0,0,2.16066e-10,0,0,1.54834e-10,0,0,0,0
0.788,0,0,2.66773e-09,3.20623e-09,0,0,0,0,0,0
0.79,0,0,6.52789e-09,2.87442e-09,0,0,0,0,0,0
0.792,0,0,1.95772e-10,1.53025e-10,0,0,0,0,0,0
0.794,0,0,1.1026e-10,0,0,2.53995e-11,0,0,0,0
0.796,0,0,5.559e-10,0,0,0,2.93634e-11,0,0,0
0.798,0,0,1.04356e-09,2.95179e-09,0,0,6.52751e-12,0,0,0
0.8,0,0,2.47489e-09,0,0,0,0,0,0,0
0.802,0,0,3.31767e-09,4.48938e-12,0,0,0,0,0,0
0.804,0,0,3.26712e-09,0,6.71004e-12,0,0,0,0,0
0.806,0,0,2.53388e-10,5.92969e-12,0,1.63478e-10,0,0,0,0
0.808,0,0,4.54981e-10,0,0,0,0,0,0,0
0.81,0,0,4.05277e-08,0,2.7663e-11,0,0,0,0,0
0.812,0,0,2.2589e-11,1.18519e-10,0,4.96208e-11,0,9.15827e-12,0,0
0.814,0,0,1.49574e-09,0,0,0,0,0,0,0
0.816,0,0,1.92744e-10,0,0,0,0,0,0,0
0.818,0,0,7.73781e-10,0,0,0,0,0,0,0
0.82,0,0,1.00994e-10,6.40994e-12,0,0,0,0,0,0
0.822,0,0,5.34768e-11,5.54104e-09,0,0,0,0,0,0
0.824,0,0,7.09908e-11,0,0,0,0,0,0,0
0.826,0,0,1.26539e-10,0,0,0,0,0,0,0
0.828,0,0,7.54159e-10,0,0,0,0,0,0,0
0.83,0,0,2.61435e-10,0,0,0,0,0,0,0
0.832,0,0,2.24276e-10,0,0,0,0,0,0,0
0.834,0,0,4.53403e-10,6.90468e-12,0,0,0,0,0,0
0.836,0,0,9.39642e-11,4.30656e-09,0,0,0,0,0,0
0.838,0,0,4.67344e-09,0,0,0,0,0,0,0
0.84,0,0,4.15865e-10,9.56344e-12,0,0,0,0,0,0
0.842,0,0,8.11073e-09,0,0,0,0,0,0,0
0.844,0,0,1.39997e-09,1.85075e-11,0,0,0,1.96517e-11,0,0
0.846,0,0,6.88814e-10,0,0,5.04903e-11,0,0,0,0
0.848,0,0,4.22592e-11,1.22309e-10,0,0,0,0,0,0
0.85,0,0,1.2239e-09,0,0,0,0,0,0,0
0.852,0,0,6.56175e-10,0,0,0,0,0,0,0
0.854,0,0,5.71307e-10,1.00198e-10,0,0,0,0,0,0
0.856,0,0,1.87415e-10,0,0,0,0,0,0,0
0.858,0,0,3.60316e-10,0,0,0,0,0,0,0
0.86,0,0,3.893e-10,0,0,0,0,0,0,0
0.862,0,0,6.05625e-11,7.36715e-12,0,0,0,0,0,0
0.864,0,0,6.35754e-10,0,0,0,0,0,0,0
0.866,0,0,4.38642e-10,0,0,0,0,0,0,0
0.868,0,0,2.77916e-10,0,0,0,0,0,0,0
0.87,0,0,3.39583e-09,0,0,0,0,0,0,0
0.872,0,0,5.69118e-10,0,0,0,0,0,0,0
0.874,0,0,1.87286e-09,0,0,0,0,0,0,0
0.876,0,0,4.0496e-11,0,0,0,0,0,0,0
0.878,0,0,2.92508e-10,1.74377e-11,0,0,0,0,0,0
0.88,0,0,1.19832e-09,0,0,0,0,0,0,0
0.882,0,0,2.53425e-11,0,0,0,0,0,0,0
0.884,0,0,7.22341e-11,0,0,0,0,0,0,0
0.886,0,0,6.0439e-11,0,0,0,0,0,0,0
0.888,0,0,4.81199e-10,0,0,0,0,0,0,0
0.89,0,0,3.86002e-10,5.24881e-10,0,0,0,0,0,0
0.892,0,0,4.18127e-11,0,0,0,0,0,0,0
0.894,0,0,1.03622e-10,0,0,0,0,0,0,0
0.896,0,0,1.48314e-10,0,0,0,0,0,0,0
0.898,0,0,2.43759e-10,0,0,0,0,0,0,0
0.9,0,0,4.26926e-11,0,0,0,0,0,0,0
0.902,0,0,2.25156e-11,0,0,0,0,0,0,0
0.904,0,0,2.2381e-10,0,0,0,0,0,0,0
0.906,0,0,2.83247e-10,0,0,0,0,0,0,0
0.908,0,0,6.28133e-11,0,0,0,0,0,0,0
0.91,0,0,3.32245e-11,0,0,0,0,0,0,0
0.912,0,0,1.55838e-10,0,0,0,0,0,0,0
0.914,0,0,1.22867e-10,0,0,0,0,0,0,0
0.916,0,0,1.35681e-10,0,0,0,0,0,0,0
0.918,0,0,0,0,0,0,0,0,0,0
0.92,0,0,8.67946e-11,0,0,0,0,0,0,0
0.922,0,0,4.26881e-11,0,0,0,0,0,0,0
0.924,0,0,1.47288e-09,0,0,0,0,0,0,0
0.926,0,0,0,0,0,0,0,0,0,0
0.928,0,0,1.01071e-10,0,0,0,0,0,0,0
0.93,0,0,3.69273e-11,0,0,0,0,0,0,0
0.932,0,0,4.1767e-11,0,0,0,0,0,0,0
0.934,0,0,4.09329e-11,0,0,0,0,0,0,0
0.936,0,0,0,0,0,0,0,0,0,0
0.938,0,0,1.05049e-10,0,0,0,0,0,0,0
0.94,0,0,4.67133e-12,0,0,0,0,0,0,0
0.942,0,0,3.25059e-11,0,0,0,0,0,0,0
0.944,0,0,1.05355e-10,0,0,0,0,0,0,0
0.946,0,0,1.43641e-10,0,0,0,0,0,0,0
0.948,0,0,4.20296e-12,0,0,0,0,0,0,0
0.95,0,0,0,0,0,0,0,0,0,0
0.952,0,0,2.09426e-11,0,0,0,0,0,0,0
0.954,0,0,7.61072e-12,0,0,0,0,0,0,0
0.956,0,0,6.45541e-11,0,0,0,0,0,0,0
0.958,0,0,4.31815e-12,0,0,0,0,0,0,0
0.96,0,0,0,0,0,0,0,0,0,0
0.962,0,0,8.41136e-12,0,0,0,0,0,0,0
0.964,0,0,0,0,0,0,0,0,0,0
0.966,0,0,1.56835e-11,0,0,0,0,0,0,0
0.968,0,0,4.73873e-12,0,0,5.7662e-12,0,0,0,0
0.97,0,0,0,0,0,0,0,0,0,0
0.972,0,0,8.04877e-12,0,0,0,0,0,0,0
0.974,0,0,2.25337e-11,0,0,0,0,0,0,0
0.976,0,0,3.31605e-11,0,0,0,0,0,0,0
0.978,0,0,3.43278e-11,0,0,0,0,0,0,0
0.98,0,0,1.81245e-11,0,0,0,0,0,0,0
0.982,0,0,3.14864e-11,0,0,0,0,0,0,0
0.984,0,0,2.93077e-12,0,0,0,0,0,0,0
0.986,0,0,0,0,0,0,0,0,0,0
0.988,0,0,0,0,0,0,0,0,0,0
0.99,0,0,2.96045e-12,0,0,0,0,0,0,0
0.992,0,0,0,0,0,0,0,0,0,0
0.994,0,0,9.80211e-12,0,0,0,0,0,0,0
0.996,0,0,5.14481e-12,0,0,0,0,0,0,0
0.998,0,0,4.94278e-12,0,0,0,0,0,0,0
