0,31.5,63,125,250,500,1000,2000,4000,8000,16000
0,0,0,0,0,0,0,0,0,0,0
0.002,0,0,0,0,0,0,0,0,0,0
0.004,0.5,0.5,0.5,0.5,0.5,0.5,0.5,0.5,0.5,0.5
0.006,0,0,0,0,0,0,0,0,0,0
0.008,0,0,0,0,0,0,0,0,0,0
0.01,0,0,0,0,0,0,0,0,0,0
0.012,0,0,0,0,0,0,0,0,0,0
0.014,0,0,0,0,0,0,0,0,0,0
0.016,0,0,0,0,0,0,0,0,0,0
0.018,0,0,0,0,0,0,0,0,0,0
0.02,0,0,0,0,0,0,0,0,0,0
0.022,0,0,0,0,0,0,0,0,0,0
0.024,0,0,0,0,0,0,0,0,0,0
0.026,0,0,0,0,0,0,0,0,0,0
0.028,0,0,0,0,0,0,0,0,0,0
0.03,0,0,0,0,0,0,0,0,0,0
0.032,0,0,0,0,0,0,0,0,0,0
0.034,0,0,0,0,0,0,0,0,0,0
0.036,0,0,0,0,0,0,0,0,0,0
0.038,0,0,0,0,0,0,0,0,0,0
0.04,0,0,0,0,0,0,0,0,0,0
0.042,0,0,0,0,0,0,0,0,0,0
0.044,0,0,0,0,0,0,0,0,0,0
0.046,0,0,0,0,0,0,0,0,0,0
0.048,0,0,0,0,0,0,0,0,0,0
0.05,0,0,0,0,0,0,0,0,0,0
0.052,0,0,0,0,0,0,0,0,0,0
0.054,0,0,0,0,0,0,0,0,0,0
0.056,0,0,0,0,0,0,0,0,0,0
0.058,0,0,0,0,0,0,0,0,0,0
0.06,0,0,2.91426e-06,1.12122e-05,3.08704e-05,3.78503e-05,4.40434e-05,4.60177e-05,0,0
0.062,0,0,8.01949e-06,3.13196e-05,8.61842e-05,0.000105793,0.000123009,0.00012783,0,0
0.064,0,0,6.83153e-06,2.482e-05,6.98405e-05,8.58713e-05,9.97598e-05,0.000104176,0,0
0.066,0,0,5.69347e-06,2.0966e-05,5.88258e-05,7.29933e-05,8.43636e-05,8.75797e-05,0,0
0.068,0,0,4.79698e-06,1.82339e-05,5.01113e-05,6.24226e-05,7.21761e-05,7.51534e-05,0,0
0.07,0,0,3.98961e-06,1.58882e-05,4.3419e-05,5.34281e-05,6.2037e-05,6.44661e-05,0,0
0.072,0,0,3.53025e-06,1.33769e-05,3.72319e-05,4.63516e-05,5.36078e-05,5.57803e-05,0,0
0.074,0,0,2.95776e-06,1.16867e-05,3.18384e-05,3.94352e-05,4.57222e-05,4.76844e-05,0,0
0.076,0,0,2.19339e-06,9.09477e-06,2.41855e-05,2.9804e-05,3.44289e-05,3.58918e-05,0,0
0.078,0,0,1.77743e-06,6.89352e-06,1.89417e-05,2.30655e-05,2.70833e-05,2.80344e-05,0,0
0.08,0,0,1.37587e-06,5.56882e-06,1.52131e-05,1.87643e-05,2.16579e-05,2.2531e-05,0,0
0.082,0,0,1.21293e-06,4.4892e-06,1.24956e-05,1.54296e-05,1.77284e-05,1.85738e-05,0,0
0.084,0,0,9.29093e-07,3.70169e-06,1.0162e-05,1.27068e-05,1.48791e-05,1.54941e-05,0,0
0.086,0,0,8.3452e-07,3.18214e-06,8.90813e-06,1.07659e-05,1.25392e-05,1.29527e-05,0,0
0.088,0,0,6.80878e-07,2.5881e-06,7.42622e-06,9.09118e-06,1.04752e-05,1.09421e-05,0,0
0.09,0,0,5.88983e-07,2.26419e-06,6.34545e-06,7.74957e-06,8.97313e-06,9.30745e-06,0,0
0.092,0,0,4.94966e-07,1.94682e-06,5.27438e-06,6.64412e-06,7.67338e-06,8.01041e-06,0,0
0.094,0,0,4.56153e-07,1.59683e-06,4.64119e-06,5.73745e-06,6.62509e-06,6.93754e-06,0,0
0.096,0,0,3.98335e-07,1.50855e-06,3.96301e-06,4.974e-06,5.73326e-06,5.99753e-06,0,0
0.098,0,0,3.13921e-07,1.27245e-06,3.47629e-06,4.28021e-06,4.95621e-06,5.21191e-06,0,0
0.1,0,0,2.99337e-07,1.04807e-06,3.04489e-06,3.77316e-06,4.33794e-06,4.52821e-06,0,0
0.102,0,0,2.10401e-07,9.9447e-07,2.7152e-06,3.2895e-06,3.83222e-06,4.00987e-06,0,0
0.104,0,0,2.4249e-07,8.71869e-07,2.44911e-06,2.91481e-06,3.3172e-06,3.48348e-06,0,0
0.106,0,0,1.87453e-07,7.31396e-07,2.15735e-06,2.56976e-06,2.9447e-06,3.06452e-06,0,0
0.108,0,0,1.88455e-07,6.52077e-07,1.82195e-06,2.24704e-06,2.63484e-06,2.73244e-06,0,0
0.11,0,0,1.74117e-07,5.84034e-07,1.69005e-06,1.95192e-06,2.33629e-06,2.44183e-06,0,0
0.112,0,0,1.38227e-07,5.23211e-07,1.40818e-06,1.77571e-06,2.07269e-06,2.15869e-06,0,0
0.114,0,0,1.15947e-07,4.43e-07,1.29781e-06,1.62395e-06,1.82795e-06,1.9421e-06,0,0
0.116,0,0,1.21448e-07,4.30233e-07,1.15577e-06,1.41911e-06,1.64383e-06,1.70903e-06,0,0
0.118,0,0,9.47925e-08,3.83073e-07,1.05097e-06,1.26137e-06,1.47756e-06,1.54379e-06,0,0
0.12,0,0,9.60984e-08,3.23767e-07,9.39646e-07,1.1614e-06,1.32806e-06,1.38729e-06,0,0
0.122,0,0,7.43841e-08,3.07583e-07,8.27723e-07,1.0205e-06,1.17877e-06,1.24407e-06,0,0
0.124,0,0,8.06131e-08,2.80768e-07,7.51378e-07,9.32799e-07,1.07482e-06,1.12567e-06,0,0
0.126,0,0,6.64252e-08,2.54775e-07,6.7447e-07,8.35563e-07,9.76885e-07,1.02555e-06,0,0
0.128,0,0,5.87088e-08,2.17621e-07,6.28585e-07,7.71471e-07,8.83998e-07,9.19317e-07,0,0
0.13,0,0,3.78576e-08,1.69964e-07,4.61799e-07,5.90028e-07,6.79443e-07,7.03058e-07,0,0
0.132,0,0,2.25082e-08,7.40092e-08,2.18512e-07,2.71803e-07,3.08613e-07,3.18041e-07,0,0
0.134,0,0,8.36348e-09,4.19723e-08,1.03233e-07,1.26722e-07,1.45253e-07,1.52494e-07,0,0
0.136,0,0,2.30644e-09,1.21318e-08,2.88454e-08,4.04458e-08,4.79222e-08,4.85167e-08,0,0
0.138,0,0,0,0,0,5.61997e-10,5.62024e-10,5.62033e-10,0,0
0.14,0,0,0,0,0,0,0,0,0,0
0.142,0,0,0,0,0,0,0,0,0,0
0.144,0,0,0,0,0,0,0,0,0,0
0.146,0,0,0,0,0,0,0,0,0,0
0.148,0,0,0,0,0,0,0,0,0,0
0.15,0,0,0,0,0,0,0,0,0,0
0.152,0,0,0,0,0,0,0,0,0,0
0.154,0,0,0,0,0,0,0,0,0,0
0.156,0,0,0,0,0,0,0,0,0,0
0.158,0,0,0,0,0,0,0,0,0,0
0.16,0,0,0,0,0,0,0,0,0,0
0.162,0,0,0,0,0,0,0,0,0,0
0.164,0,0,0,0,0,0,0,0,0,0
0.166,0,0,0,0,0,0,0,0,0,0
0.168,0,0,0,0,0,0,0,0,0,0
0.17,0,0,0,0,0,0,0,0,0,0
0.172,0,0,0,0,0,0,0,0,0,0
0.174,0,0,0,0,0,0,0,0,0,0
0.176,0,0,0,0,0,0,0,0,0,0
0.178,0,0,0,0,0,0,0,0,0,0
0.18,0,0,0,0,0,0,0,0,0,0
0.182,0,0,0,0,0,0,0,0,0,0
0.184,0,0,0,0,0,0,0,0,0,0
0.186,0,0,0,0,0,0,0,0,0,0
0.188,0,0,0,0,0,0,0,0,0,0
0.19,0,0,0,0,0,0,0,0,0,0
0.192,0,0,0,0,0,0,0,0,0,0
0.194,0,0,0,0,0,0,0,0,0,0
0.196,0,0,0,0,0,0,0,0,0,0
0.198,0,0,0,0,0,0,0,0,0,0
0.2,0,0,0,0,0,0,0,0,0,0
0.202,0,0,0,0,0,0,0,0,0,0
0.204,0,0,0,0,0,0,0,0,0,0
0.206,0,0,0,0,0,0,0,0,0,0
0.208,0,0,0,0,0,0,0,0,0,0
0.21,0,0,0,0,0,0,0,0,0,0
0.212,0,0,0,0,0,0,0,0,0,0
0.214,0,0,0,0,0,0,0,0,0,0
0.216,0,0,0,0,0,0,0,0,0,0
0.218,0,0,0,0,0,0,0,0,0,0
0.22,0,0,0,0,0,0,0,0,0,0
0.222,0,0,0,0,0,0,0,0,0,0
0.224,0,0,0,0,0,0,0,0,0,0
0.226,0,0,0,0,0,0,0,0,0,0
0.228,0,0,0,0,0,0,0,0,0,0
0.23,0,0,0,0,0,0,0,0,0,0
0.232,0,0,0,0,0,0,0,0,0,0
0.234,0,0,0,0,0,0,0,0,0,0
0.236,0,0,0,0,0,0,0,0,0,0
0.238,0,0,0,0,0,0,0,0,0,0
0.24,0,0,0,0,0,0,0,0,0,0
0.242,0,0,0,0,0,0,0,0,0,0
0.244,0,0,0,0,0,0,0,0,0,0
0.246,0,0,0,0,0,0,0,0,0,0
0.248,0,0,0,0,0,0,0,0,0,0
0.25,0,0,0,0,0,0,0,0,0,0
0.252,0,0,0,0,0,0,0,0,0,0
0.254,0,0,0,0,0,0,0,0,0,0
0.256,0,0,0,0,0,0,0,0,0,0
0.258,0,0,0,0,0,0,0,0,0,0
0.26,0,0,0,0,0,0,0,0,0,0
0.262,0,0,0,0,0,0,0,0,0,0
0.264,0,0,0,0,0,0,0,0,0,0
0.266,0,0,0,0,0,0,0,0,0,0
0.268,0,0,0,0,0,0,0,0,0,0
0.27,0,0,0,0,0,0,0,0,0,0
0.272,0,0,0,0,0,0,0,0,0,0
0.274,0,0,0,0,0,0,0,0,0,0
0.276,0,0,0,0,0,0,0,0,0,0
0.278,0,0,0,0,0,0,0,0,0,0
0.28,0,0,0,0,0,0,0,0,0,0
0.282,0,0,0,0,0,0,0,0,0,0
0.284,0,0,0,0,0,0,0,0,0,0
0.286,0,0,0,0,0,0,0,0,0,0
0.288,0,0,0,0,0,0,0,0,0,0
0.29,0,0,0,0,0,0,0,0,0,0
0.292,0,0,0,0,0,0,0,0,0,0
0.294,0,0,0,0,0,0,0,0,0,0
0.296,0,0,0,0,0,0,0,0,0,0
0.298,0,0,0,0,0,0,0,0,0,0
0.3,0,0,0,0,0,0,0,0,0,0
0.302,0,0,0,0,0,0,0,0,0,0
0.304,0,0,0,0,0,0,0,0,0,0
0.306,0,0,0,0,0,0,0,0,0,0
0.308,0,0,0,0,0,0,0,0,0,0
0.31,0,0,0,0,0,0,0,0,0,0
0.312,0,0,0,0,0,0,0,0,0,0
0.314,0,0,0,0,0,0,0,0,0,0
0.316,0,0,0,0,0,0,0,0,0,0
0.318,0,0,0,0,0,0,0,0,0,0
0.32,0,0,0,0,0,0,0,0,0,0
0.322,0,0,0,0,0,0,0,0,0,0
0.324,0,0,0,0,0,0,0,0,0,0
0.326,0,0,0,0,0,0,0,0,0,0
0.328,0,0,0,0,0,0,0,0,0,0
0.33,0,0,0,0,0,0,0,0,0,0
0.332,0,0,0,0,0,0,0,0,0,0
0.334,0,0,0,0,0,0,0,0,0,0
0.336,0,0,0,0,0,0,0,0,0,0
0.338,0,0,0,0,0,0,0,0,0,0
0.34,0,0,0,0,0,0,0,0,0,0
0.342,0,0,0,0,0,0,0,0,0,0
0.344,0,0,0,0,0,0,0,0,0,0
0.346,0,0,0,0,0,0,0,0,0,0
0.348,0,0,0,0,0,0,0,0,0,0
0.35,0,0,0,0,0,0,0,0,0,0
0.352,0,0,0,0,0,0,0,0,0,0
0.354,0,0,0,0,0,0,0,0,0,0
0.356,0,0,0,0,0,0,0,0,0,0
0.358,0,0,0,0,0,0,0,0,0,0
0.36,0,0,0,0,0,0,0,0,0,0
0.362,0,0,0,0,0,0,0,0,0,0
0.364,0,0,0,0,0,0,0,0,0,0
0.366,0,0,0,0,0,0,0,0,0,0
0.368,0,0,0,0,0,0,0,0,0,0
0.37,0,0,0,0,0,0,0,0,0,0
0.372,0,0,0,0,0,0,0,0,0,0
0.374,0,0,0,0,0,0,0,0,0,0
0.376,0,0,0,0,0,0,0,0,0,0
0.378,0,0,0,0,0,0,0,0,0,0
0.38,0,0,0,0,0,0,0,0,0,0
0.382,0,0,0,0,0,0,0,0,0,0
0.384,0,0,0,0,0,0,0,0,0,0
0.386,0,0,0,0,0,0,0,0,0,0
0.388,0,0,0,0,0,0,0,0,0,0
0.39,0,0,0,0,0,0,0,0,0,0
0.392,0,0,0,0,0,0,0,0,0,0
0.394,0,0,0,0,0,0,0,0,0,0
0.396,0,0,0,0,0,0,0,0,0,0
0.398,0,0,0,0,0,0,0,0,0,0
0.4,0,0,0,0,0,0,0,0,0,0
0.402,0,0,0,0,0,0,0,0,0,0
0.404,0,0,0,0,0,0,0,0,0,0
0.406,0,0,0,0,0,0,0,0,0,0
0.408,0,0,0,0,0,0,0,0,0,0
0.41,0,0,0,0,0,0,0,0,0,0
0.412,0,0,0,0,0,0,0,0,0,0
0.414,0,0,0,0,0,0,0,0,0,0
0.416,0,0,0,0,0,0,0,0,0,0
0.418,0,0,0,0,0,0,0,0,0,0
0.42,0,0,0,0,0,0,0,0,0,0
0.422,0,0,0,0,0,0,0,0,0,0
0.424,0,0,0,0,0,0,0,0,0,0
0.426,0,0,0,0,0,0,0,0,0,0
0.428,0,0,0,0,0,0,0,0,0,0
0.43,0,0,0,0,0,0,0,0,0,0
0.432,0,0,0,0,0,0,0,0,0,0
0.434,0,0,0,0,0,0,0,0,0,0
0.436,0,0,0,0,0,0,0,0,0,0
0.438,0,0,0,0,0,0,0,0,0,0
0.44,0,0,0,0,0,0,0,0,0,0
0.442,0,0,0,0,0,0,0,0,0,0
0.444,0,0,0,0,0,0,0,0,0,0
0.446,0,0,0,0,0,0,0,0,0,0
0.448,0,0,0,0,0,0,0,0,0,0
0.45,0,0,0,0,0,0,0,0,0,0
0.452,0,0,0,0,0,0,0,0,0,0
0.454,0,0,0,0,0,0,0,0,0,0
0.456,0,0,0,0,0,0,0,0,0,0
0.458,0,0,0,0,0,0,0,0,0,0
0.46,0,0,0,0,0,0,0,0,0,0
0.462,0,0,0,0,0,0,0,0,0,0
0.464,0,0,0,0,0,0,0,0,0,0
0.466,0,0,0,0,0,0,0,0,0,0
0.468,0,0,0,0,0,0,0,0,0,0
0.47,0,0,0,0,0,0,0,0,0,0
0.472,0,0,0,0,0,0,0,0,0,0
0.474,0,0,0,0,0,0,0,0,0,0
0.476,0,0,0,0,0,0,0,0,0,0
0.478,0,0,0,0,0,0,0,0,0,0
0.48,0,0,0,0,0,0,0,0,0,0
0.482,0,0,0,0,0,0,0,0,0,0
0.484,0,0,0,0,0,0,0,0,0,0
0.486,0,0,0,0,0,0,0,0,0,0
0.488,0,0,0,0,0,0,0,0,0,0
0.49,0,0,0,0,0,0,0,0,0,0
0.492,0,0,0,0,0,0,0,0,0,0
0.494,0,0,0,0,0,0,0,0,0,0
0.496,0,0,0,0,0,0,0,0,0,0
0.498,0,0,0,0,0,0,0,0,0,0
